Statistic,GCR,LDR
Mean_Trust,27.79591836734694,29.56
SD_Trust,17.92807341368644,13.620452807960444
Mean_RS,29.428571428571427,29.12
SD_RS,4.962358310319802,4.443017911652541
