Statistic,Value
Trust Score p-value,0.5833644013795642
RS Score p-value,0.7453338102827507
